model,clean_subset_f1,fgsm_0.005,pgd_0.005,fgsm_0.01,pgd_0.01,fgsm_0.02,pgd_0.02
Standard MLP,0.9996189806266303,0.9995701445877296,0.9995701445877296,0.9995506057053537,0.9995506057053537,0.9993063493459168,0.9993063493459168
UVIF-IoT,0.9996482657547631,0.9995896594173164,0.9995896594173164,0.999540822806452,0.999540822806452,0.9994529326716424,0.9994529326716424
