,precision,recall,f1-score,support
benign,0.999365715239526,0.9978666666666667,0.9986156283879576,30000.0
attack,0.9978698618738558,0.9993666666666666,0.9986177033891248,30000.0
accuracy,0.9986166666666667,0.9986166666666667,0.9986166666666667,0.9986166666666667
macro avg,0.9986177885566909,0.9986166666666667,0.9986166658885411,60000.0
weighted avg,0.9986177885566908,0.9986166666666667,0.9986166658885411,60000.0
