attack,model,epsilon,pgd_alpha,pgd_steps,n_samples,accuracy,macro_f1,weighted_f1,balanced_accuracy,ece,brier_score,mean_confidence,eval_time_sec,macro_f1_drop_from_clean,accuracy_drop_from_clean
PGD,UVIF-IoT-Calibrated MLP,0.0,0.0,10,20000,0.99925,0.999249999983125,0.9992499999831249,0.99925,0.00038024829328060864,0.00071125418566372,0.9991583228111267,0.5,0.0,0.0
PGD,UVIF-IoT-Calibrated MLP,0.01,0.0025,10,20000,0.99925,0.999249999983125,0.9992499999831249,0.99925,0.0005143320918083008,0.0007733517623842893,0.9987975358963013,0.891,0.0,0.0
PGD,UVIF-IoT-Calibrated MLP,0.05,0.0125,10,20000,0.9983,0.998299999932,0.998299999932,0.9983,0.02663717430233952,0.006187864754511512,0.9729898571968079,0.824,0.0009500000511249995,0.0009500000000000064
PGD,UVIF-IoT-Calibrated MLP,0.1,0.025,10,20000,0.8374,0.8347429576107759,0.8347429576107759,0.8373999999999999,0.14799726963639256,0.1449272356538038,0.9714105725288391,0.809,0.16450704237234914,0.16184999999999994
PGD,UVIF-IoT-FE-10,0.0,0.0,10,20000,0.99875,0.998749998871874,0.9987499988718741,0.99875,0.00042775310277936066,0.001249023076191212,0.9983711838722229,0.239,0.0,0.0
PGD,UVIF-IoT-FE-10,0.01,0.0025,10,20000,0.99865,0.9986499990246243,0.9986499990246244,0.99865,0.0006901205658912986,0.0012964359374628255,0.9981467723846436,0.677,9.99998472497321e-05,9.999999999998899e-05
PGD,UVIF-IoT-FE-10,0.05,0.0125,10,20000,0.99805,0.998049998591124,0.998049998591124,0.99805,0.002578293213248273,0.001663935486047132,0.9959136843681335,0.64,0.0007000002807500127,0.0007000000000000339
PGD,UVIF-IoT-FE-10,0.1,0.025,10,20000,0.99585,0.9958499924366112,0.9958499924366111,0.99585,0.025733411610126544,0.005722028985733364,0.9701164960861206,0.583,0.002900006435262781,0.0029000000000000137
