,precision,recall,f1-score,support
benign,0.9996667777407531,1.0,0.9998333611064822,30000.0
attack,1.0,0.9996666666666667,0.9998333055509252,30000.0
accuracy,0.9998333333333334,0.9998333333333334,0.9998333333333334,0.9998333333333334
macro avg,0.9998333888703765,0.9998333333333334,0.9998333333287037,60000.0
weighted avg,0.9998333888703765,0.9998333333333334,0.9998333333287036,60000.0
