{
  "standard_mlp": 1.0038806200027466,
  "uvif_iot": 1.2074050903320312
}