model,epsilon,n_samples,accuracy,macro_f1,weighted_f1,balanced_accuracy,ece,brier_score,mean_confidence,eval_time_sec,macro_f1_drop_from_clean,accuracy_drop_from_clean
UVIF-IoT-FE-10,0.0,60000,0.99845,0.9984499982911231,0.9984499982911231,0.9984500000000001,9.234805703161845e-05,0.001523070280448346,0.998401403427124,0.987,0.0,0.0
UVIF-IoT-FE-10,0.005,60000,0.9984333333333333,0.9984333316604797,0.9984333316604798,0.9984333333333333,0.0001618558714787419,0.0015445615838850066,0.9983012080192566,0.78,1.6666630643480396e-05,1.666666666666483e-05
UVIF-IoT-FE-10,0.01,60000,0.9984,0.9983999983999984,0.9983999983999984,0.9984,0.0002692569583654654,0.0015685805910313716,0.9981886744499207,0.854,4.999989112475234e-05,4.999999999999449e-05
UVIF-IoT-FE-10,0.02,60000,0.99835,0.9983499985108737,0.9983499985108737,0.99835,0.0005076977610588596,0.0016257176765282337,0.9979220032691956,0.958,9.99997802494379e-05,9.999999999998899e-05
UVIF-IoT-FE-10,0.05,60000,0.9979,0.9978999978999978,0.9978999978999978,0.9979,0.001850279555718089,0.0019131218239970896,0.99620121717453,0.78,0.0005500003911252938,0.0005499999999999394
UVIF-IoT-FE-10,0.1,60000,0.9955666666666667,0.9955666553173043,0.9955666553173041,0.9955666666666667,0.01815524825255075,0.004918821572742665,0.9776670932769775,0.672,0.00288334297381887,0.002883333333333238
