{
    "selection_rule": "smallest budget within 0.001 Macro-F1 of full model",
    "full_model_test_macro_f1": 0.9994,
    "selected_budget": 10,
    "selected_row": {
        "model": "UVIF-IoT-FE-10",
        "feature_budget": 10,
        "n_features": 10,
        "feature_reduction_pct": 91.30434782608697,
        "trainable_parameters": 9794,
        "best_epoch": 7,
        "train_time_sec": 29.602,
        "total_budget_time_sec": 30.998,
        "val_accuracy": 0.9984791666666667,
        "val_macro_f1": 0.9984791652085399,
        "val_weighted_f1": 0.9984791652085399,
        "val_balanced_accuracy": 0.9984791666666667,
        "val_ece": 8.855761090911085e-05,
        "val_brier_score": 0.0015081723218725864,
        "test_accuracy": 0.99845,
        "test_macro_f1": 0.9984499982911231,
        "test_weighted_f1": 0.9984499982911231,
        "test_balanced_accuracy": 0.9984500000000001,
        "test_ece": 9.234805703161845e-05,
        "test_brier_score": 0.001523070280448346,
        "temperature": 1.078321933746338,
        "feature_budget_num": 10
    }
}