{
    "model": "UVIF-IoT-Calibrated MLP",
    "base_model": "Standard MLP",
    "temperature": 1.3920069932937622,
    "validation_ece_before": 0.0005556951252123169,
    "validation_ece_after": 0.00017729189867779304,
    "test_ece_before": 0.0005242976417143794,
    "test_ece_after": 0.0003507366240024111,
    "validation_brier_before": 0.0006855362937990973,
    "validation_brier_after": 0.0006917916751700792,
    "test_brier_before": 0.0005467875550998426,
    "test_brier_after": 0.0005580449962302919
}